touch_id,journey_id,order_id,touch_at,touch_date,channel,campaign_id,interaction,currency,synthetic,source_row_id
SS-T0001,SS-J0001,SS-O0001,2026-08-22T09:00:00.000Z,2026-08-22,Meta Ads,SS-META-01,click,USD,true,touchpoints-0001
SS-T0002,SS-J0001,SS-O0001,2026-08-23T09:00:00.000Z,2026-08-23,Google Ads,SS-GOOGLE-01,click,USD,true,touchpoints-0002
SS-T0003,SS-J0002,SS-O0002,2026-08-23T09:00:00.000Z,2026-08-23,Meta Ads,SS-META-01,click,USD,true,touchpoints-0003
SS-T0004,SS-J0002,SS-O0002,2026-08-24T09:00:00.000Z,2026-08-24,Google Ads,SS-GOOGLE-01,click,USD,true,touchpoints-0004
SS-T0005,SS-J0003,SS-O0003,2026-08-24T09:00:00.000Z,2026-08-24,Meta Ads,SS-META-01,click,USD,true,touchpoints-0005
SS-T0006,SS-J0003,SS-O0003,2026-08-25T09:00:00.000Z,2026-08-25,Google Ads,SS-GOOGLE-01,click,USD,true,touchpoints-0006
SS-T0007,SS-J0004,SS-O0004,2026-08-25T09:00:00.000Z,2026-08-25,Meta Ads,SS-META-01,click,USD,true,touchpoints-0007
SS-T0008,SS-J0004,SS-O0004,2026-08-26T09:00:00.000Z,2026-08-26,Google Ads,SS-GOOGLE-01,click,USD,true,touchpoints-0008
SS-T0009,SS-J0005,SS-O0005,2026-08-26T09:00:00.000Z,2026-08-26,Meta Ads,SS-META-01,click,USD,true,touchpoints-0009
SS-T0010,SS-J0005,SS-O0005,2026-08-27T09:00:00.000Z,2026-08-27,Google Ads,SS-GOOGLE-01,click,USD,true,touchpoints-0010
SS-T0011,SS-J0006,SS-O0006,2026-08-27T09:00:00.000Z,2026-08-27,Meta Ads,SS-META-01,click,USD,true,touchpoints-0011
SS-T0012,SS-J0006,SS-O0006,2026-08-28T09:00:00.000Z,2026-08-28,Google Ads,SS-GOOGLE-01,click,USD,true,touchpoints-0012
SS-T0013,SS-J0007,SS-O0007,2026-08-28T09:00:00.000Z,2026-08-28,Meta Ads,SS-META-01,click,USD,true,touchpoints-0013
SS-T0014,SS-J0007,SS-O0007,2026-08-29T09:00:00.000Z,2026-08-29,Google Ads,SS-GOOGLE-01,click,USD,true,touchpoints-0014
SS-T0015,SS-J0008,SS-O0008,2026-08-29T09:00:00.000Z,2026-08-29,Meta Ads,SS-META-01,click,USD,true,touchpoints-0015
SS-T0016,SS-J0008,SS-O0008,2026-08-30T09:00:00.000Z,2026-08-30,Google Ads,SS-GOOGLE-01,click,USD,true,touchpoints-0016
SS-T0017,SS-J0009,SS-O0009,2026-08-30T09:00:00.000Z,2026-08-30,Meta Ads,SS-META-01,click,USD,true,touchpoints-0017
SS-T0018,SS-J0009,SS-O0009,2026-08-31T09:00:00.000Z,2026-08-31,Google Ads,SS-GOOGLE-01,click,USD,true,touchpoints-0018
SS-T0019,SS-J0010,SS-O0010,2026-08-31T09:00:00.000Z,2026-08-31,Meta Ads,SS-META-01,click,USD,true,touchpoints-0019
SS-T0020,SS-J0010,SS-O0010,2026-09-01T09:00:00.000Z,2026-09-01,Google Ads,SS-GOOGLE-01,click,USD,true,touchpoints-0020
SS-T0021,SS-J0011,SS-O0011,2026-09-01T09:00:00.000Z,2026-09-01,Meta Ads,SS-META-01,click,USD,true,touchpoints-0021
SS-T0022,SS-J0011,SS-O0011,2026-09-02T09:00:00.000Z,2026-09-02,Google Ads,SS-GOOGLE-01,click,USD,true,touchpoints-0022
SS-T0023,SS-J0012,SS-O0012,2026-09-02T09:00:00.000Z,2026-09-02,Meta Ads,SS-META-01,click,USD,true,touchpoints-0023
SS-T0024,SS-J0012,SS-O0012,2026-09-03T09:00:00.000Z,2026-09-03,Google Ads,SS-GOOGLE-01,click,USD,true,touchpoints-0024
SS-T0025,SS-J0013,SS-O0013,2026-09-03T09:00:00.000Z,2026-09-03,Meta Ads,SS-META-01,click,USD,true,touchpoints-0025
SS-T0026,SS-J0013,SS-O0013,2026-09-04T09:00:00.000Z,2026-09-04,Google Ads,SS-GOOGLE-01,click,USD,true,touchpoints-0026
SS-T0027,SS-J0014,SS-O0014,2026-09-04T09:00:00.000Z,2026-09-04,Meta Ads,SS-META-01,click,USD,true,touchpoints-0027
SS-T0028,SS-J0014,SS-O0014,2026-09-05T09:00:00.000Z,2026-09-05,Google Ads,SS-GOOGLE-01,click,USD,true,touchpoints-0028
SS-T0029,SS-J0015,SS-O0015,2026-09-05T09:00:00.000Z,2026-09-05,Meta Ads,SS-META-01,click,USD,true,touchpoints-0029
SS-T0030,SS-J0015,SS-O0015,2026-09-06T09:00:00.000Z,2026-09-06,Google Ads,SS-GOOGLE-01,click,USD,true,touchpoints-0030
SS-T0031,SS-J0016,SS-O0016,2026-09-06T09:00:00.000Z,2026-09-06,Meta Ads,SS-META-01,click,USD,true,touchpoints-0031
SS-T0032,SS-J0016,SS-O0016,2026-09-07T09:00:00.000Z,2026-09-07,Google Ads,SS-GOOGLE-01,click,USD,true,touchpoints-0032
SS-T0033,SS-J0017,SS-O0017,2026-09-07T09:00:00.000Z,2026-09-07,Meta Ads,SS-META-01,click,USD,true,touchpoints-0033
SS-T0034,SS-J0017,SS-O0017,2026-09-08T09:00:00.000Z,2026-09-08,Google Ads,SS-GOOGLE-01,click,USD,true,touchpoints-0034
SS-T0035,SS-J0018,SS-O0018,2026-09-08T09:00:00.000Z,2026-09-08,Meta Ads,SS-META-01,click,USD,true,touchpoints-0035
SS-T0036,SS-J0018,SS-O0018,2026-09-09T09:00:00.000Z,2026-09-09,Google Ads,SS-GOOGLE-01,click,USD,true,touchpoints-0036
SS-T0037,SS-J0019,SS-O0019,2026-09-09T09:00:00.000Z,2026-09-09,Meta Ads,SS-META-01,click,USD,true,touchpoints-0037
SS-T0038,SS-J0019,SS-O0019,2026-09-10T09:00:00.000Z,2026-09-10,Google Ads,SS-GOOGLE-01,click,USD,true,touchpoints-0038
SS-T0039,SS-J0020,SS-O0020,2026-09-10T09:00:00.000Z,2026-09-10,Meta Ads,SS-META-01,click,USD,true,touchpoints-0039
SS-T0040,SS-J0020,SS-O0020,2026-09-11T09:00:00.000Z,2026-09-11,Google Ads,SS-GOOGLE-01,click,USD,true,touchpoints-0040
SS-T0041,SS-J0021,SS-O0021,2026-09-11T09:00:00.000Z,2026-09-11,Meta Ads,SS-META-01,click,USD,true,touchpoints-0041
SS-T0042,SS-J0021,SS-O0021,2026-09-12T09:00:00.000Z,2026-09-12,Google Ads,SS-GOOGLE-01,click,USD,true,touchpoints-0042
SS-T0043,SS-J0022,SS-O0022,2026-09-12T09:00:00.000Z,2026-09-12,Meta Ads,SS-META-01,click,USD,true,touchpoints-0043
SS-T0044,SS-J0022,SS-O0022,2026-09-13T09:00:00.000Z,2026-09-13,Google Ads,SS-GOOGLE-01,click,USD,true,touchpoints-0044
SS-T0045,SS-J0023,SS-O0023,2026-09-13T09:00:00.000Z,2026-09-13,Meta Ads,SS-META-01,click,USD,true,touchpoints-0045
SS-T0046,SS-J0023,SS-O0023,2026-09-14T09:00:00.000Z,2026-09-14,Google Ads,SS-GOOGLE-01,click,USD,true,touchpoints-0046
SS-T0047,SS-J0024,SS-O0024,2026-09-14T09:00:00.000Z,2026-09-14,Meta Ads,SS-META-01,click,USD,true,touchpoints-0047
SS-T0048,SS-J0024,SS-O0024,2026-09-15T09:00:00.000Z,2026-09-15,Google Ads,SS-GOOGLE-01,click,USD,true,touchpoints-0048
SS-T0049,SS-J0025,SS-O0025,2026-09-15T09:00:00.000Z,2026-09-15,Meta Ads,SS-META-01,click,USD,true,touchpoints-0049
SS-T0050,SS-J0025,SS-O0025,2026-09-16T09:00:00.000Z,2026-09-16,Google Ads,SS-GOOGLE-01,click,USD,true,touchpoints-0050
SS-T0051,SS-J0026,SS-O0026,2026-09-16T09:00:00.000Z,2026-09-16,Meta Ads,SS-META-01,click,USD,true,touchpoints-0051
SS-T0052,SS-J0026,SS-O0026,2026-09-17T09:00:00.000Z,2026-09-17,Google Ads,SS-GOOGLE-01,click,USD,true,touchpoints-0052
SS-T0053,SS-J0027,SS-O0027,2026-09-17T09:00:00.000Z,2026-09-17,Meta Ads,SS-META-01,click,USD,true,touchpoints-0053
SS-T0054,SS-J0027,SS-O0027,2026-09-18T09:00:00.000Z,2026-09-18,Google Ads,SS-GOOGLE-01,click,USD,true,touchpoints-0054
SS-T0055,SS-J0028,SS-O0028,2026-09-18T09:00:00.000Z,2026-09-18,Meta Ads,SS-META-01,click,USD,true,touchpoints-0055
SS-T0056,SS-J0028,SS-O0028,2026-09-19T09:00:00.000Z,2026-09-19,Google Ads,SS-GOOGLE-01,click,USD,true,touchpoints-0056
SS-T0057,SS-J0029,SS-O0029,2026-08-22T10:00:00.000Z,2026-08-22,Meta Ads,SS-META-01,click,USD,true,touchpoints-0057
SS-T0058,SS-J0029,SS-O0029,2026-08-23T10:00:00.000Z,2026-08-23,Google Ads,SS-GOOGLE-01,click,USD,true,touchpoints-0058
SS-T0059,SS-J0030,SS-O0030,2026-08-23T10:00:00.000Z,2026-08-23,Meta Ads,SS-META-01,click,USD,true,touchpoints-0059
SS-T0060,SS-J0030,SS-O0030,2026-08-24T10:00:00.000Z,2026-08-24,Google Ads,SS-GOOGLE-01,click,USD,true,touchpoints-0060
SS-T0061,SS-J0031,SS-O0031,2026-08-23T10:00:00.000Z,2026-08-23,TikTok Ads,SS-TIKTOK-01,click,USD,true,touchpoints-0061
SS-T0062,SS-J0031,SS-O0031,2026-08-24T10:00:00.000Z,2026-08-24,Meta Ads,SS-META-01,click,USD,true,touchpoints-0062
SS-T0063,SS-J0031,SS-O0031,2026-08-25T10:00:00.000Z,2026-08-25,Google Ads,SS-GOOGLE-01,click,USD,true,touchpoints-0063
SS-T0064,SS-J0032,SS-O0032,2026-08-24T10:00:00.000Z,2026-08-24,TikTok Ads,SS-TIKTOK-01,click,USD,true,touchpoints-0064
SS-T0065,SS-J0032,SS-O0032,2026-08-25T10:00:00.000Z,2026-08-25,Meta Ads,SS-META-01,click,USD,true,touchpoints-0065
SS-T0066,SS-J0032,SS-O0032,2026-08-26T10:00:00.000Z,2026-08-26,Google Ads,SS-GOOGLE-01,click,USD,true,touchpoints-0066
SS-T0067,SS-J0033,SS-O0033,2026-08-25T10:00:00.000Z,2026-08-25,TikTok Ads,SS-TIKTOK-01,click,USD,true,touchpoints-0067
SS-T0068,SS-J0033,SS-O0033,2026-08-26T10:00:00.000Z,2026-08-26,Meta Ads,SS-META-01,click,USD,true,touchpoints-0068
SS-T0069,SS-J0033,SS-O0033,2026-08-27T10:00:00.000Z,2026-08-27,Google Ads,SS-GOOGLE-01,click,USD,true,touchpoints-0069
SS-T0070,SS-J0034,SS-O0034,2026-08-26T10:00:00.000Z,2026-08-26,TikTok Ads,SS-TIKTOK-01,click,USD,true,touchpoints-0070
SS-T0071,SS-J0034,SS-O0034,2026-08-27T10:00:00.000Z,2026-08-27,Meta Ads,SS-META-01,click,USD,true,touchpoints-0071
SS-T0072,SS-J0034,SS-O0034,2026-08-28T10:00:00.000Z,2026-08-28,Google Ads,SS-GOOGLE-01,click,USD,true,touchpoints-0072
SS-T0073,SS-J0035,SS-O0035,2026-08-27T10:00:00.000Z,2026-08-27,TikTok Ads,SS-TIKTOK-01,click,USD,true,touchpoints-0073
SS-T0074,SS-J0035,SS-O0035,2026-08-28T10:00:00.000Z,2026-08-28,Meta Ads,SS-META-01,click,USD,true,touchpoints-0074
SS-T0075,SS-J0035,SS-O0035,2026-08-29T10:00:00.000Z,2026-08-29,Google Ads,SS-GOOGLE-01,click,USD,true,touchpoints-0075
SS-T0076,SS-J0036,SS-O0036,2026-08-28T10:00:00.000Z,2026-08-28,TikTok Ads,SS-TIKTOK-01,click,USD,true,touchpoints-0076
SS-T0077,SS-J0036,SS-O0036,2026-08-29T10:00:00.000Z,2026-08-29,Meta Ads,SS-META-01,click,USD,true,touchpoints-0077
SS-T0078,SS-J0036,SS-O0036,2026-08-30T10:00:00.000Z,2026-08-30,Google Ads,SS-GOOGLE-01,click,USD,true,touchpoints-0078
SS-T0079,SS-J0037,SS-O0037,2026-08-29T10:00:00.000Z,2026-08-29,TikTok Ads,SS-TIKTOK-01,click,USD,true,touchpoints-0079
SS-T0080,SS-J0037,SS-O0037,2026-08-30T10:00:00.000Z,2026-08-30,Meta Ads,SS-META-01,click,USD,true,touchpoints-0080
SS-T0081,SS-J0037,SS-O0037,2026-08-31T10:00:00.000Z,2026-08-31,Google Ads,SS-GOOGLE-01,click,USD,true,touchpoints-0081
SS-T0082,SS-J0038,SS-O0038,2026-08-30T10:00:00.000Z,2026-08-30,TikTok Ads,SS-TIKTOK-01,click,USD,true,touchpoints-0082
SS-T0083,SS-J0038,SS-O0038,2026-08-31T10:00:00.000Z,2026-08-31,Meta Ads,SS-META-01,click,USD,true,touchpoints-0083
SS-T0084,SS-J0038,SS-O0038,2026-09-01T10:00:00.000Z,2026-09-01,Google Ads,SS-GOOGLE-01,click,USD,true,touchpoints-0084
SS-T0085,SS-J0039,SS-O0039,2026-08-31T10:00:00.000Z,2026-08-31,TikTok Ads,SS-TIKTOK-01,click,USD,true,touchpoints-0085
SS-T0086,SS-J0039,SS-O0039,2026-09-01T10:00:00.000Z,2026-09-01,Meta Ads,SS-META-01,click,USD,true,touchpoints-0086
SS-T0087,SS-J0039,SS-O0039,2026-09-02T10:00:00.000Z,2026-09-02,Google Ads,SS-GOOGLE-01,click,USD,true,touchpoints-0087
SS-T0088,SS-J0040,SS-O0040,2026-09-01T10:00:00.000Z,2026-09-01,TikTok Ads,SS-TIKTOK-01,click,USD,true,touchpoints-0088
SS-T0089,SS-J0040,SS-O0040,2026-09-02T10:00:00.000Z,2026-09-02,Meta Ads,SS-META-01,click,USD,true,touchpoints-0089
SS-T0090,SS-J0040,SS-O0040,2026-09-03T10:00:00.000Z,2026-09-03,Google Ads,SS-GOOGLE-01,click,USD,true,touchpoints-0090
SS-T0091,SS-J0041,SS-O0041,2026-09-02T10:00:00.000Z,2026-09-02,TikTok Ads,SS-TIKTOK-01,click,USD,true,touchpoints-0091
SS-T0092,SS-J0041,SS-O0041,2026-09-03T10:00:00.000Z,2026-09-03,Meta Ads,SS-META-01,click,USD,true,touchpoints-0092
SS-T0093,SS-J0041,SS-O0041,2026-09-04T10:00:00.000Z,2026-09-04,Google Ads,SS-GOOGLE-01,click,USD,true,touchpoints-0093
SS-T0094,SS-J0042,SS-O0042,2026-09-03T10:00:00.000Z,2026-09-03,TikTok Ads,SS-TIKTOK-01,click,USD,true,touchpoints-0094
SS-T0095,SS-J0042,SS-O0042,2026-09-04T10:00:00.000Z,2026-09-04,Meta Ads,SS-META-01,click,USD,true,touchpoints-0095
SS-T0096,SS-J0042,SS-O0042,2026-09-05T10:00:00.000Z,2026-09-05,Google Ads,SS-GOOGLE-01,click,USD,true,touchpoints-0096
SS-T0097,SS-J0043,SS-O0043,2026-09-04T10:00:00.000Z,2026-09-04,TikTok Ads,SS-TIKTOK-01,click,USD,true,touchpoints-0097
SS-T0098,SS-J0043,SS-O0043,2026-09-05T10:00:00.000Z,2026-09-05,Meta Ads,SS-META-01,click,USD,true,touchpoints-0098
SS-T0099,SS-J0043,SS-O0043,2026-09-06T10:00:00.000Z,2026-09-06,Google Ads,SS-GOOGLE-01,click,USD,true,touchpoints-0099
SS-T0100,SS-J0044,SS-O0044,2026-09-05T10:00:00.000Z,2026-09-05,TikTok Ads,SS-TIKTOK-01,click,USD,true,touchpoints-0100
SS-T0101,SS-J0044,SS-O0044,2026-09-06T10:00:00.000Z,2026-09-06,Meta Ads,SS-META-01,click,USD,true,touchpoints-0101
SS-T0102,SS-J0044,SS-O0044,2026-09-07T10:00:00.000Z,2026-09-07,Google Ads,SS-GOOGLE-01,click,USD,true,touchpoints-0102
SS-T0103,SS-J0045,SS-O0045,2026-09-06T10:00:00.000Z,2026-09-06,TikTok Ads,SS-TIKTOK-01,click,USD,true,touchpoints-0103
SS-T0104,SS-J0045,SS-O0045,2026-09-07T10:00:00.000Z,2026-09-07,Meta Ads,SS-META-01,click,USD,true,touchpoints-0104
SS-T0105,SS-J0045,SS-O0045,2026-09-08T10:00:00.000Z,2026-09-08,Google Ads,SS-GOOGLE-01,click,USD,true,touchpoints-0105
SS-T0106,SS-J0046,SS-O0046,2026-09-07T10:00:00.000Z,2026-09-07,TikTok Ads,SS-TIKTOK-01,click,USD,true,touchpoints-0106
SS-T0107,SS-J0046,SS-O0046,2026-09-08T10:00:00.000Z,2026-09-08,Meta Ads,SS-META-01,click,USD,true,touchpoints-0107
SS-T0108,SS-J0046,SS-O0046,2026-09-09T10:00:00.000Z,2026-09-09,Google Ads,SS-GOOGLE-01,click,USD,true,touchpoints-0108
SS-T0109,SS-J0047,SS-O0047,2026-09-08T10:00:00.000Z,2026-09-08,TikTok Ads,SS-TIKTOK-01,click,USD,true,touchpoints-0109
SS-T0110,SS-J0047,SS-O0047,2026-09-09T10:00:00.000Z,2026-09-09,Meta Ads,SS-META-01,click,USD,true,touchpoints-0110
SS-T0111,SS-J0047,SS-O0047,2026-09-10T10:00:00.000Z,2026-09-10,Google Ads,SS-GOOGLE-01,click,USD,true,touchpoints-0111
SS-T0112,SS-J0048,SS-O0048,2026-09-09T10:00:00.000Z,2026-09-09,TikTok Ads,SS-TIKTOK-01,click,USD,true,touchpoints-0112
SS-T0113,SS-J0048,SS-O0048,2026-09-10T10:00:00.000Z,2026-09-10,Meta Ads,SS-META-01,click,USD,true,touchpoints-0113
SS-T0114,SS-J0048,SS-O0048,2026-09-11T10:00:00.000Z,2026-09-11,Google Ads,SS-GOOGLE-01,click,USD,true,touchpoints-0114
SS-T0115,SS-J0049,SS-O0049,2026-09-10T10:00:00.000Z,2026-09-10,TikTok Ads,SS-TIKTOK-01,click,USD,true,touchpoints-0115
SS-T0116,SS-J0049,SS-O0049,2026-09-11T10:00:00.000Z,2026-09-11,Meta Ads,SS-META-01,click,USD,true,touchpoints-0116
SS-T0117,SS-J0049,SS-O0049,2026-09-12T10:00:00.000Z,2026-09-12,Google Ads,SS-GOOGLE-01,click,USD,true,touchpoints-0117
SS-T0118,SS-J0050,SS-O0050,2026-09-11T10:00:00.000Z,2026-09-11,TikTok Ads,SS-TIKTOK-01,click,USD,true,touchpoints-0118
SS-T0119,SS-J0050,SS-O0050,2026-09-12T10:00:00.000Z,2026-09-12,Meta Ads,SS-META-01,click,USD,true,touchpoints-0119
SS-T0120,SS-J0050,SS-O0050,2026-09-13T10:00:00.000Z,2026-09-13,Google Ads,SS-GOOGLE-01,click,USD,true,touchpoints-0120
SS-T0121,SS-J0051,SS-O0051,2026-09-12T10:00:00.000Z,2026-09-12,Meta Ads,SS-META-01,click,USD,true,touchpoints-0121
SS-T0122,SS-J0051,SS-O0051,2026-09-13T10:00:00.000Z,2026-09-13,TikTok Ads,SS-TIKTOK-01,click,USD,true,touchpoints-0122
SS-T0123,SS-J0051,SS-O0051,2026-09-14T10:00:00.000Z,2026-09-14,Google Ads,SS-GOOGLE-01,click,USD,true,touchpoints-0123
SS-T0124,SS-J0052,SS-O0052,2026-09-13T10:00:00.000Z,2026-09-13,Meta Ads,SS-META-01,click,USD,true,touchpoints-0124
SS-T0125,SS-J0052,SS-O0052,2026-09-14T10:00:00.000Z,2026-09-14,TikTok Ads,SS-TIKTOK-01,click,USD,true,touchpoints-0125
SS-T0126,SS-J0052,SS-O0052,2026-09-15T10:00:00.000Z,2026-09-15,Google Ads,SS-GOOGLE-01,click,USD,true,touchpoints-0126
SS-T0127,SS-J0053,SS-O0053,2026-09-14T10:00:00.000Z,2026-09-14,Meta Ads,SS-META-01,click,USD,true,touchpoints-0127
SS-T0128,SS-J0053,SS-O0053,2026-09-15T10:00:00.000Z,2026-09-15,TikTok Ads,SS-TIKTOK-01,click,USD,true,touchpoints-0128
SS-T0129,SS-J0053,SS-O0053,2026-09-16T10:00:00.000Z,2026-09-16,Google Ads,SS-GOOGLE-01,click,USD,true,touchpoints-0129
SS-T0130,SS-J0054,SS-O0054,2026-09-15T10:00:00.000Z,2026-09-15,Meta Ads,SS-META-01,click,USD,true,touchpoints-0130
SS-T0131,SS-J0054,SS-O0054,2026-09-16T10:00:00.000Z,2026-09-16,TikTok Ads,SS-TIKTOK-01,click,USD,true,touchpoints-0131
SS-T0132,SS-J0054,SS-O0054,2026-09-17T10:00:00.000Z,2026-09-17,Google Ads,SS-GOOGLE-01,click,USD,true,touchpoints-0132
SS-T0133,SS-J0055,SS-O0055,2026-09-16T10:00:00.000Z,2026-09-16,Meta Ads,SS-META-01,click,USD,true,touchpoints-0133
SS-T0134,SS-J0055,SS-O0055,2026-09-17T10:00:00.000Z,2026-09-17,TikTok Ads,SS-TIKTOK-01,click,USD,true,touchpoints-0134
SS-T0135,SS-J0055,SS-O0055,2026-09-18T10:00:00.000Z,2026-09-18,Google Ads,SS-GOOGLE-01,click,USD,true,touchpoints-0135
SS-T0136,SS-J0056,SS-O0056,2026-09-17T10:00:00.000Z,2026-09-17,Meta Ads,SS-META-01,click,USD,true,touchpoints-0136
SS-T0137,SS-J0056,SS-O0056,2026-09-18T10:00:00.000Z,2026-09-18,TikTok Ads,SS-TIKTOK-01,click,USD,true,touchpoints-0137
SS-T0138,SS-J0056,SS-O0056,2026-09-19T10:00:00.000Z,2026-09-19,Google Ads,SS-GOOGLE-01,click,USD,true,touchpoints-0138
SS-T0139,SS-J0057,SS-O0057,2026-08-21T11:00:00.000Z,2026-08-21,Meta Ads,SS-META-01,click,USD,true,touchpoints-0139
SS-T0140,SS-J0057,SS-O0057,2026-08-22T11:00:00.000Z,2026-08-22,TikTok Ads,SS-TIKTOK-01,click,USD,true,touchpoints-0140
SS-T0141,SS-J0057,SS-O0057,2026-08-23T11:00:00.000Z,2026-08-23,Google Ads,SS-GOOGLE-01,click,USD,true,touchpoints-0141
SS-T0142,SS-J0058,SS-O0058,2026-08-22T11:00:00.000Z,2026-08-22,Meta Ads,SS-META-01,click,USD,true,touchpoints-0142
SS-T0143,SS-J0058,SS-O0058,2026-08-23T11:00:00.000Z,2026-08-23,TikTok Ads,SS-TIKTOK-01,click,USD,true,touchpoints-0143
SS-T0144,SS-J0058,SS-O0058,2026-08-24T11:00:00.000Z,2026-08-24,Google Ads,SS-GOOGLE-01,click,USD,true,touchpoints-0144
SS-T0145,SS-J0059,SS-O0059,2026-08-23T11:00:00.000Z,2026-08-23,Meta Ads,SS-META-01,click,USD,true,touchpoints-0145
SS-T0146,SS-J0059,SS-O0059,2026-08-24T11:00:00.000Z,2026-08-24,TikTok Ads,SS-TIKTOK-01,click,USD,true,touchpoints-0146
SS-T0147,SS-J0059,SS-O0059,2026-08-25T11:00:00.000Z,2026-08-25,Google Ads,SS-GOOGLE-01,click,USD,true,touchpoints-0147
SS-T0148,SS-J0060,SS-O0060,2026-08-24T11:00:00.000Z,2026-08-24,Meta Ads,SS-META-01,click,USD,true,touchpoints-0148
SS-T0149,SS-J0060,SS-O0060,2026-08-25T11:00:00.000Z,2026-08-25,TikTok Ads,SS-TIKTOK-01,click,USD,true,touchpoints-0149
SS-T0150,SS-J0060,SS-O0060,2026-08-26T11:00:00.000Z,2026-08-26,Google Ads,SS-GOOGLE-01,click,USD,true,touchpoints-0150
SS-T0151,SS-J0061,SS-O0061,2026-08-27T11:00:00.000Z,2026-08-27,Meta Ads,SS-META-01,click,USD,true,touchpoints-0151
SS-T0152,SS-J0062,SS-O0062,2026-08-28T11:00:00.000Z,2026-08-28,Meta Ads,SS-META-01,click,USD,true,touchpoints-0152
SS-T0153,SS-J0063,SS-O0063,2026-08-29T11:00:00.000Z,2026-08-29,Meta Ads,SS-META-01,click,USD,true,touchpoints-0153
SS-T0154,SS-J0064,SS-O0064,2026-08-30T11:00:00.000Z,2026-08-30,Meta Ads,SS-META-01,click,USD,true,touchpoints-0154
SS-T0155,SS-J0065,SS-O0065,2026-08-31T11:00:00.000Z,2026-08-31,Meta Ads,SS-META-01,click,USD,true,touchpoints-0155
SS-T0156,SS-J0066,SS-O0066,2026-09-01T11:00:00.000Z,2026-09-01,Meta Ads,SS-META-01,click,USD,true,touchpoints-0156
SS-T0157,SS-J0067,SS-O0067,2026-09-02T11:00:00.000Z,2026-09-02,Meta Ads,SS-META-01,click,USD,true,touchpoints-0157
SS-T0158,SS-J0068,SS-O0068,2026-09-03T11:00:00.000Z,2026-09-03,Meta Ads,SS-META-01,click,USD,true,touchpoints-0158
SS-T0159,SS-J0069,SS-O0069,2026-09-04T11:00:00.000Z,2026-09-04,Meta Ads,SS-META-01,click,USD,true,touchpoints-0159
SS-T0160,SS-J0070,SS-O0070,2026-09-05T11:00:00.000Z,2026-09-05,Meta Ads,SS-META-01,click,USD,true,touchpoints-0160
SS-T0161,SS-J0071,SS-O0071,2026-09-06T11:00:00.000Z,2026-09-06,Meta Ads,SS-META-01,click,USD,true,touchpoints-0161
SS-T0162,SS-J0072,SS-O0072,2026-09-07T11:00:00.000Z,2026-09-07,Meta Ads,SS-META-01,click,USD,true,touchpoints-0162
SS-T0163,SS-J0073,SS-O0073,2026-09-08T11:00:00.000Z,2026-09-08,Meta Ads,SS-META-01,click,USD,true,touchpoints-0163
SS-T0164,SS-J0074,SS-O0074,2026-09-09T11:00:00.000Z,2026-09-09,Meta Ads,SS-META-01,click,USD,true,touchpoints-0164
SS-T0165,SS-J0075,SS-O0075,2026-09-10T11:00:00.000Z,2026-09-10,Meta Ads,SS-META-01,click,USD,true,touchpoints-0165
SS-T0166,SS-J0076,SS-O0076,2026-09-11T11:00:00.000Z,2026-09-11,Meta Ads,SS-META-01,click,USD,true,touchpoints-0166
SS-T0167,SS-J0077,SS-O0077,2026-09-12T11:00:00.000Z,2026-09-12,Meta Ads,SS-META-01,click,USD,true,touchpoints-0167
SS-T0168,SS-J0078,SS-O0078,2026-09-13T11:00:00.000Z,2026-09-13,Meta Ads,SS-META-01,click,USD,true,touchpoints-0168
SS-T0169,SS-J0079,SS-O0079,2026-09-14T11:00:00.000Z,2026-09-14,Meta Ads,SS-META-01,click,USD,true,touchpoints-0169
SS-T0170,SS-J0080,SS-O0080,2026-09-15T11:00:00.000Z,2026-09-15,Meta Ads,SS-META-01,click,USD,true,touchpoints-0170
SS-T0171,SS-J0081,SS-O0081,2026-09-16T11:00:00.000Z,2026-09-16,Google Ads,SS-GOOGLE-01,click,USD,true,touchpoints-0171
SS-T0172,SS-J0082,SS-O0082,2026-09-17T11:00:00.000Z,2026-09-17,Google Ads,SS-GOOGLE-01,click,USD,true,touchpoints-0172
SS-T0173,SS-J0083,SS-O0083,2026-09-18T11:00:00.000Z,2026-09-18,Google Ads,SS-GOOGLE-01,click,USD,true,touchpoints-0173
SS-T0174,SS-J0084,SS-O0084,2026-09-19T11:00:00.000Z,2026-09-19,Google Ads,SS-GOOGLE-01,click,USD,true,touchpoints-0174
SS-T0175,SS-J0085,SS-O0085,2026-08-23T12:00:00.000Z,2026-08-23,Google Ads,SS-GOOGLE-01,click,USD,true,touchpoints-0175
SS-T0176,SS-J0086,SS-O0086,2026-08-24T12:00:00.000Z,2026-08-24,Google Ads,SS-GOOGLE-01,click,USD,true,touchpoints-0176
SS-T0177,SS-J0087,SS-O0087,2026-08-25T12:00:00.000Z,2026-08-25,Google Ads,SS-GOOGLE-01,click,USD,true,touchpoints-0177
SS-T0178,SS-J0088,SS-O0088,2026-08-26T12:00:00.000Z,2026-08-26,Google Ads,SS-GOOGLE-01,click,USD,true,touchpoints-0178
SS-T0179,SS-J0089,SS-O0089,2026-08-27T12:00:00.000Z,2026-08-27,Google Ads,SS-GOOGLE-01,click,USD,true,touchpoints-0179
SS-T0180,SS-J0090,SS-O0090,2026-08-28T12:00:00.000Z,2026-08-28,Google Ads,SS-GOOGLE-01,click,USD,true,touchpoints-0180
SS-T0181,SS-J0091,SS-O0091,2026-08-29T12:00:00.000Z,2026-08-29,Google Ads,SS-GOOGLE-01,click,USD,true,touchpoints-0181
SS-T0182,SS-J0092,SS-O0092,2026-08-30T12:00:00.000Z,2026-08-30,Google Ads,SS-GOOGLE-01,click,USD,true,touchpoints-0182
SS-T0183,SS-J0093,SS-O0093,2026-08-31T12:00:00.000Z,2026-08-31,Google Ads,SS-GOOGLE-01,click,USD,true,touchpoints-0183
SS-T0184,SS-J0094,SS-O0094,2026-09-01T12:00:00.000Z,2026-09-01,Google Ads,SS-GOOGLE-01,click,USD,true,touchpoints-0184
SS-T0185,SS-J0095,SS-O0095,2026-09-02T12:00:00.000Z,2026-09-02,Google Ads,SS-GOOGLE-01,click,USD,true,touchpoints-0185
SS-T0186,SS-J0096,SS-O0096,2026-09-03T12:00:00.000Z,2026-09-03,TikTok Ads,SS-TIKTOK-01,click,USD,true,touchpoints-0186
SS-T0187,SS-J0097,SS-O0097,2026-09-04T12:00:00.000Z,2026-09-04,TikTok Ads,SS-TIKTOK-01,click,USD,true,touchpoints-0187
SS-T0188,SS-J0098,SS-O0098,2026-09-05T12:00:00.000Z,2026-09-05,TikTok Ads,SS-TIKTOK-01,click,USD,true,touchpoints-0188
SS-T0189,SS-J0099,SS-O0099,2026-09-06T12:00:00.000Z,2026-09-06,TikTok Ads,SS-TIKTOK-01,click,USD,true,touchpoints-0189
SS-T0190,SS-J0100,SS-O0100,2026-09-07T12:00:00.000Z,2026-09-07,TikTok Ads,SS-TIKTOK-01,click,USD,true,touchpoints-0190
SS-T0191,SS-J0101,SS-O0101,2026-09-08T12:00:00.000Z,2026-09-08,TikTok Ads,SS-TIKTOK-01,click,USD,true,touchpoints-0191
SS-T0192,SS-J0102,SS-O0102,2026-09-09T12:00:00.000Z,2026-09-09,TikTok Ads,SS-TIKTOK-01,click,USD,true,touchpoints-0192
SS-T0193,SS-J0103,SS-O0103,2026-09-10T12:00:00.000Z,2026-09-10,TikTok Ads,SS-TIKTOK-01,click,USD,true,touchpoints-0193
SS-T0194,SS-J0104,SS-O0104,2026-09-11T12:00:00.000Z,2026-09-11,TikTok Ads,SS-TIKTOK-01,click,USD,true,touchpoints-0194
SS-T0195,SS-J0105,SS-O0105,2026-09-12T12:00:00.000Z,2026-09-12,TikTok Ads,SS-TIKTOK-01,click,USD,true,touchpoints-0195
SS-T0196,SS-J0106,SS-O0106,2026-09-13T12:00:00.000Z,2026-09-13,TikTok Ads,SS-TIKTOK-01,click,USD,true,touchpoints-0196
SS-T0197,SS-J0107,SS-O0107,2026-09-14T12:00:00.000Z,2026-09-14,TikTok Ads,SS-TIKTOK-01,click,USD,true,touchpoints-0197
SS-T0198,SS-J0108,SS-O0108,2026-09-15T12:00:00.000Z,2026-09-15,TikTok Ads,SS-TIKTOK-01,click,USD,true,touchpoints-0198
SS-T0199,SS-J0109,SS-O0109,2026-09-16T12:00:00.000Z,2026-09-16,TikTok Ads,SS-TIKTOK-01,click,USD,true,touchpoints-0199
SS-T0200,SS-J0110,SS-O0110,2026-09-17T12:00:00.000Z,2026-09-17,TikTok Ads,SS-TIKTOK-01,click,USD,true,touchpoints-0200
SS-T0201,SS-J0111,SS-O0111,2026-09-18T12:00:00.000Z,2026-09-18,Direct,DIRECT,click,USD,true,touchpoints-0201
SS-T0202,SS-J0112,SS-O0112,2026-09-19T12:00:00.000Z,2026-09-19,Direct,DIRECT,click,USD,true,touchpoints-0202
SS-T0203,SS-J0113,SS-O0113,2026-08-23T13:00:00.000Z,2026-08-23,Direct,DIRECT,click,USD,true,touchpoints-0203
SS-T0204,SS-J0114,SS-O0114,2026-08-24T13:00:00.000Z,2026-08-24,Direct,DIRECT,click,USD,true,touchpoints-0204
SS-T0205,SS-J0115,SS-O0115,2026-08-25T13:00:00.000Z,2026-08-25,Direct,DIRECT,click,USD,true,touchpoints-0205
SS-T0206,SS-J0116,SS-O0116,2026-08-26T13:00:00.000Z,2026-08-26,Direct,DIRECT,click,USD,true,touchpoints-0206
SS-T0207,SS-J0117,SS-O0117,2026-08-27T13:00:00.000Z,2026-08-27,Direct,DIRECT,click,USD,true,touchpoints-0207
SS-T0208,SS-J0118,SS-O0118,2026-08-28T13:00:00.000Z,2026-08-28,Direct,DIRECT,click,USD,true,touchpoints-0208
SS-T0209,SS-J0119,SS-O0119,2026-08-29T13:00:00.000Z,2026-08-29,Direct,DIRECT,click,USD,true,touchpoints-0209
SS-T0210,SS-J0120,SS-O0120,2026-08-30T13:00:00.000Z,2026-08-30,Direct,DIRECT,click,USD,true,touchpoints-0210
SS-T0211,SS-J0001,SS-O0001,2026-08-24T08:00:00.000Z,2026-08-24,Meta Ads,SS-META-01,click,USD,true,touchpoints-0211
SS-T0212,SS-J0001,SS-O0001,2026-08-16T09:00:00.000Z,2026-08-16,TikTok Ads,SS-TIKTOK-01,click,USD,true,touchpoints-0212
SS-T0213,SS-J0002,SS-O0002,2026-08-25T10:00:00.000Z,2026-08-25,Meta Ads,SS-META-01,click,USD,true,touchpoints-0213
SS-T0214,SS-N0001,,2026-08-24T09:00:00.000Z,2026-08-24,Meta Ads,SS-META-01,click,USD,true,touchpoints-0214
SS-T0215,SS-N0001,,2026-08-24T10:00:00.000Z,2026-08-24,Google Ads,SS-GOOGLE-01,click,USD,true,touchpoints-0215
SS-T0216,SS-N0002,,2026-08-25T09:00:00.000Z,2026-08-25,Google Ads,SS-GOOGLE-01,click,USD,true,touchpoints-0216
SS-T0217,SS-N0002,,2026-08-25T10:00:00.000Z,2026-08-25,Google Ads,SS-GOOGLE-01,click,USD,true,touchpoints-0217
SS-T0218,SS-N0003,,2026-08-26T09:00:00.000Z,2026-08-26,TikTok Ads,SS-TIKTOK-01,click,USD,true,touchpoints-0218
SS-T0219,SS-N0003,,2026-08-26T10:00:00.000Z,2026-08-26,Google Ads,SS-GOOGLE-01,click,USD,true,touchpoints-0219
SS-T0220,SS-N0004,,2026-08-27T09:00:00.000Z,2026-08-27,Meta Ads,SS-META-01,click,USD,true,touchpoints-0220
SS-T0221,SS-N0004,,2026-08-27T10:00:00.000Z,2026-08-27,Google Ads,SS-GOOGLE-01,click,USD,true,touchpoints-0221
SS-T0222,SS-N0005,,2026-08-28T09:00:00.000Z,2026-08-28,Google Ads,SS-GOOGLE-01,click,USD,true,touchpoints-0222
SS-T0223,SS-N0005,,2026-08-28T10:00:00.000Z,2026-08-28,Google Ads,SS-GOOGLE-01,click,USD,true,touchpoints-0223
SS-T0224,SS-N0006,,2026-08-29T09:00:00.000Z,2026-08-29,TikTok Ads,SS-TIKTOK-01,click,USD,true,touchpoints-0224
SS-T0225,SS-N0006,,2026-08-29T10:00:00.000Z,2026-08-29,Google Ads,SS-GOOGLE-01,click,USD,true,touchpoints-0225
SS-T0226,SS-N0007,,2026-08-30T09:00:00.000Z,2026-08-30,Meta Ads,SS-META-01,click,USD,true,touchpoints-0226
SS-T0227,SS-N0007,,2026-08-30T10:00:00.000Z,2026-08-30,Google Ads,SS-GOOGLE-01,click,USD,true,touchpoints-0227
SS-T0228,SS-N0008,,2026-08-31T09:00:00.000Z,2026-08-31,Google Ads,SS-GOOGLE-01,click,USD,true,touchpoints-0228
SS-T0229,SS-N0008,,2026-08-31T10:00:00.000Z,2026-08-31,Google Ads,SS-GOOGLE-01,click,USD,true,touchpoints-0229
SS-T0230,SS-N0009,,2026-09-01T09:00:00.000Z,2026-09-01,TikTok Ads,SS-TIKTOK-01,click,USD,true,touchpoints-0230
SS-T0231,SS-N0009,,2026-09-01T10:00:00.000Z,2026-09-01,Google Ads,SS-GOOGLE-01,click,USD,true,touchpoints-0231
SS-T0232,SS-N0010,,2026-09-02T09:00:00.000Z,2026-09-02,Meta Ads,SS-META-01,click,USD,true,touchpoints-0232
SS-T0233,SS-N0010,,2026-09-02T10:00:00.000Z,2026-09-02,Google Ads,SS-GOOGLE-01,click,USD,true,touchpoints-0233
SS-T0234,SS-N0011,,2026-09-03T09:00:00.000Z,2026-09-03,Google Ads,SS-GOOGLE-01,click,USD,true,touchpoints-0234
SS-T0235,SS-N0011,,2026-09-03T10:00:00.000Z,2026-09-03,Google Ads,SS-GOOGLE-01,click,USD,true,touchpoints-0235
SS-T0236,SS-N0012,,2026-09-04T09:00:00.000Z,2026-09-04,TikTok Ads,SS-TIKTOK-01,click,USD,true,touchpoints-0236
SS-T0237,SS-N0012,,2026-09-04T10:00:00.000Z,2026-09-04,Google Ads,SS-GOOGLE-01,click,USD,true,touchpoints-0237
SS-T0238,SS-N0013,,2026-09-05T09:00:00.000Z,2026-09-05,Meta Ads,SS-META-01,click,USD,true,touchpoints-0238
SS-T0239,SS-N0013,,2026-09-05T10:00:00.000Z,2026-09-05,Google Ads,SS-GOOGLE-01,click,USD,true,touchpoints-0239
SS-T0240,SS-N0014,,2026-09-06T09:00:00.000Z,2026-09-06,Google Ads,SS-GOOGLE-01,click,USD,true,touchpoints-0240
SS-T0241,SS-N0014,,2026-09-06T10:00:00.000Z,2026-09-06,Google Ads,SS-GOOGLE-01,click,USD,true,touchpoints-0241
SS-T0242,SS-N0015,,2026-09-07T09:00:00.000Z,2026-09-07,TikTok Ads,SS-TIKTOK-01,click,USD,true,touchpoints-0242
SS-T0243,SS-N0015,,2026-09-07T10:00:00.000Z,2026-09-07,Google Ads,SS-GOOGLE-01,click,USD,true,touchpoints-0243
SS-T0244,SS-N0016,,2026-09-08T09:00:00.000Z,2026-09-08,Meta Ads,SS-META-01,click,USD,true,touchpoints-0244
SS-T0245,SS-N0016,,2026-09-08T10:00:00.000Z,2026-09-08,Google Ads,SS-GOOGLE-01,click,USD,true,touchpoints-0245
SS-T0246,SS-N0017,,2026-09-09T09:00:00.000Z,2026-09-09,Google Ads,SS-GOOGLE-01,click,USD,true,touchpoints-0246
SS-T0247,SS-N0017,,2026-09-09T10:00:00.000Z,2026-09-09,Google Ads,SS-GOOGLE-01,click,USD,true,touchpoints-0247
SS-T0248,SS-N0018,,2026-09-10T09:00:00.000Z,2026-09-10,TikTok Ads,SS-TIKTOK-01,click,USD,true,touchpoints-0248
SS-T0249,SS-N0018,,2026-09-10T10:00:00.000Z,2026-09-10,Google Ads,SS-GOOGLE-01,click,USD,true,touchpoints-0249
SS-T0250,SS-N0019,,2026-09-11T09:00:00.000Z,2026-09-11,Meta Ads,SS-META-01,click,USD,true,touchpoints-0250
SS-T0251,SS-N0019,,2026-09-11T10:00:00.000Z,2026-09-11,Google Ads,SS-GOOGLE-01,click,USD,true,touchpoints-0251
SS-T0252,SS-N0020,,2026-09-12T09:00:00.000Z,2026-09-12,Google Ads,SS-GOOGLE-01,click,USD,true,touchpoints-0252
SS-T0253,SS-N0020,,2026-09-12T10:00:00.000Z,2026-09-12,Google Ads,SS-GOOGLE-01,click,USD,true,touchpoints-0253
SS-T0254,SS-N0021,,2026-09-13T09:00:00.000Z,2026-09-13,TikTok Ads,SS-TIKTOK-01,click,USD,true,touchpoints-0254
SS-T0255,SS-N0021,,2026-09-13T10:00:00.000Z,2026-09-13,Google Ads,SS-GOOGLE-01,click,USD,true,touchpoints-0255
SS-T0256,SS-N0022,,2026-09-14T09:00:00.000Z,2026-09-14,Meta Ads,SS-META-01,click,USD,true,touchpoints-0256
SS-T0257,SS-N0022,,2026-09-14T10:00:00.000Z,2026-09-14,Google Ads,SS-GOOGLE-01,click,USD,true,touchpoints-0257
SS-T0258,SS-N0023,,2026-09-15T09:00:00.000Z,2026-09-15,Google Ads,SS-GOOGLE-01,click,USD,true,touchpoints-0258
SS-T0259,SS-N0023,,2026-09-15T10:00:00.000Z,2026-09-15,Google Ads,SS-GOOGLE-01,click,USD,true,touchpoints-0259
SS-T0260,SS-N0024,,2026-09-16T09:00:00.000Z,2026-09-16,TikTok Ads,SS-TIKTOK-01,click,USD,true,touchpoints-0260
SS-T0261,SS-N0024,,2026-09-16T10:00:00.000Z,2026-09-16,Google Ads,SS-GOOGLE-01,click,USD,true,touchpoints-0261
SS-T0262,SS-N0025,,2026-09-17T09:00:00.000Z,2026-09-17,Meta Ads,SS-META-01,click,USD,true,touchpoints-0262
SS-T0263,SS-N0025,,2026-09-17T10:00:00.000Z,2026-09-17,Google Ads,SS-GOOGLE-01,click,USD,true,touchpoints-0263
SS-T0264,SS-N0026,,2026-09-18T09:00:00.000Z,2026-09-18,Google Ads,SS-GOOGLE-01,click,USD,true,touchpoints-0264
SS-T0265,SS-N0026,,2026-09-18T10:00:00.000Z,2026-09-18,Google Ads,SS-GOOGLE-01,click,USD,true,touchpoints-0265
SS-T0266,SS-N0027,,2026-09-19T09:00:00.000Z,2026-09-19,TikTok Ads,SS-TIKTOK-01,click,USD,true,touchpoints-0266
SS-T0267,SS-N0027,,2026-09-19T10:00:00.000Z,2026-09-19,Google Ads,SS-GOOGLE-01,click,USD,true,touchpoints-0267
SS-T0268,SS-N0028,,2026-09-20T09:00:00.000Z,2026-09-20,Meta Ads,SS-META-01,click,USD,true,touchpoints-0268
SS-T0269,SS-N0028,,2026-09-20T10:00:00.000Z,2026-09-20,Google Ads,SS-GOOGLE-01,click,USD,true,touchpoints-0269
SS-T0270,SS-N0029,,2026-08-24T09:00:00.000Z,2026-08-24,Google Ads,SS-GOOGLE-01,click,USD,true,touchpoints-0270
SS-T0271,SS-N0029,,2026-08-24T10:00:00.000Z,2026-08-24,Google Ads,SS-GOOGLE-01,click,USD,true,touchpoints-0271
SS-T0272,SS-N0030,,2026-08-25T09:00:00.000Z,2026-08-25,TikTok Ads,SS-TIKTOK-01,click,USD,true,touchpoints-0272
SS-T0273,SS-N0030,,2026-08-25T10:00:00.000Z,2026-08-25,Google Ads,SS-GOOGLE-01,click,USD,true,touchpoints-0273
SS-T0274,SS-N0031,,2026-08-26T09:00:00.000Z,2026-08-26,Meta Ads,SS-META-01,click,USD,true,touchpoints-0274
SS-T0275,SS-N0032,,2026-08-27T09:00:00.000Z,2026-08-27,Google Ads,SS-GOOGLE-01,click,USD,true,touchpoints-0275
SS-T0276,SS-N0033,,2026-08-28T09:00:00.000Z,2026-08-28,TikTok Ads,SS-TIKTOK-01,click,USD,true,touchpoints-0276
SS-T0277,SS-N0034,,2026-08-29T09:00:00.000Z,2026-08-29,Meta Ads,SS-META-01,click,USD,true,touchpoints-0277
SS-T0278,SS-N0035,,2026-08-30T09:00:00.000Z,2026-08-30,Google Ads,SS-GOOGLE-01,click,USD,true,touchpoints-0278
SS-T0279,SS-N0036,,2026-08-31T09:00:00.000Z,2026-08-31,TikTok Ads,SS-TIKTOK-01,click,USD,true,touchpoints-0279
SS-T0280,SS-N0037,,2026-09-01T09:00:00.000Z,2026-09-01,Meta Ads,SS-META-01,click,USD,true,touchpoints-0280
SS-T0281,SS-N0038,,2026-09-02T09:00:00.000Z,2026-09-02,Google Ads,SS-GOOGLE-01,click,USD,true,touchpoints-0281
SS-T0282,SS-N0039,,2026-09-03T09:00:00.000Z,2026-09-03,TikTok Ads,SS-TIKTOK-01,click,USD,true,touchpoints-0282
SS-T0283,SS-N0040,,2026-09-04T09:00:00.000Z,2026-09-04,Meta Ads,SS-META-01,click,USD,true,touchpoints-0283
SS-T0284,SS-N0041,,2026-09-05T09:00:00.000Z,2026-09-05,Google Ads,SS-GOOGLE-01,click,USD,true,touchpoints-0284
SS-T0285,SS-N0042,,2026-09-06T09:00:00.000Z,2026-09-06,TikTok Ads,SS-TIKTOK-01,click,USD,true,touchpoints-0285
SS-T0286,SS-N0043,,2026-09-07T09:00:00.000Z,2026-09-07,Meta Ads,SS-META-01,click,USD,true,touchpoints-0286
SS-T0287,SS-N0044,,2026-09-08T09:00:00.000Z,2026-09-08,Google Ads,SS-GOOGLE-01,click,USD,true,touchpoints-0287
SS-T0288,SS-N0045,,2026-09-09T09:00:00.000Z,2026-09-09,TikTok Ads,SS-TIKTOK-01,click,USD,true,touchpoints-0288
SS-T0289,SS-N0046,,2026-09-10T09:00:00.000Z,2026-09-10,Meta Ads,SS-META-01,click,USD,true,touchpoints-0289
SS-T0290,SS-N0047,,2026-09-11T09:00:00.000Z,2026-09-11,Google Ads,SS-GOOGLE-01,click,USD,true,touchpoints-0290
SS-T0291,SS-N0048,,2026-09-12T09:00:00.000Z,2026-09-12,TikTok Ads,SS-TIKTOK-01,click,USD,true,touchpoints-0291
SS-T0292,SS-N0049,,2026-09-13T09:00:00.000Z,2026-09-13,Meta Ads,SS-META-01,click,USD,true,touchpoints-0292
SS-T0293,SS-N0050,,2026-09-14T09:00:00.000Z,2026-09-14,Google Ads,SS-GOOGLE-01,click,USD,true,touchpoints-0293
SS-T0294,SS-N0051,,2026-09-15T09:00:00.000Z,2026-09-15,TikTok Ads,SS-TIKTOK-01,click,USD,true,touchpoints-0294
SS-T0295,SS-N0052,,2026-09-16T09:00:00.000Z,2026-09-16,Meta Ads,SS-META-01,click,USD,true,touchpoints-0295
SS-T0296,SS-N0053,,2026-09-17T09:00:00.000Z,2026-09-17,Google Ads,SS-GOOGLE-01,click,USD,true,touchpoints-0296
SS-T0297,SS-N0054,,2026-09-18T09:00:00.000Z,2026-09-18,TikTok Ads,SS-TIKTOK-01,click,USD,true,touchpoints-0297
SS-T0298,SS-N0055,,2026-09-19T09:00:00.000Z,2026-09-19,Meta Ads,SS-META-01,click,USD,true,touchpoints-0298
SS-T0299,SS-N0056,,2026-09-20T09:00:00.000Z,2026-09-20,Google Ads,SS-GOOGLE-01,click,USD,true,touchpoints-0299
SS-T0300,SS-N0057,,2026-08-24T09:00:00.000Z,2026-08-24,TikTok Ads,SS-TIKTOK-01,click,USD,true,touchpoints-0300
SS-T0301,SS-N0058,,2026-08-25T09:00:00.000Z,2026-08-25,Meta Ads,SS-META-01,click,USD,true,touchpoints-0301
SS-T0302,SS-N0059,,2026-08-26T09:00:00.000Z,2026-08-26,Google Ads,SS-GOOGLE-01,click,USD,true,touchpoints-0302
SS-T0303,SS-N0060,,2026-08-27T09:00:00.000Z,2026-08-27,TikTok Ads,SS-TIKTOK-01,click,USD,true,touchpoints-0303
SS-T0001,SS-J0001,SS-O0001,2026-08-22T09:00:00.000Z,2026-08-22,Meta Ads,SS-META-01,click,USD,true,touchpoints-0304
SS-T0015,SS-J0008,SS-O0008,2026-08-29T09:00:00.000Z,2026-08-29,Meta Ads,SS-META-01,click,USD,true,touchpoints-0305
